id,title,description,availability,condition,price,link,image_link,brand,google_product_category,fb_product_category,color,quantity_to_sell_on_facebook
470336100,"Dark Bluish Gray Technic, Pin 3L with Friction Ridges and Stop Bush",PART 32054,In Stock,Used,1.10 AUD,"https://store.bricklink.com/luke.donohoe#/shop?o={""q"":""470336100"",""sort"":0,""pgSize"":100,""showHomeItems"":0}",https://img.bricklink.com/ItemImage/PN/85/32054.png,Lego,3287,47,Dark Bluish Gray,3
470336142,"White Hose, Soft Axle 19L",PART 32235,In Stock,Used,1.45 AUD,"https://store.bricklink.com/luke.donohoe#/shop?o={""q"":""470336142"",""sort"":0,""pgSize"":100,""showHomeItems"":0}",https://img.bricklink.com/ItemImage/PN/1/32235.png,Lego,3287,47,White,2
470336159,Trans-Clear Slope 33 3 x 2,PART 3298,In Stock,Used,1.39 AUD,"https://store.bricklink.com/luke.donohoe#/shop?o={""q"":""470336159"",""sort"":0,""pgSize"":100,""showHomeItems"":0}",https://img.bricklink.com/ItemImage/PN/12/3298.png,Lego,3287,47,Trans-Clear,1
470336308,Reddish Brown Hinge Brick 1 x 2 Top Plate,PART 3938,In Stock,Used,4.02 AUD,"https://store.bricklink.com/luke.donohoe#/shop?o={""q"":""470336308"",""sort"":0,""pgSize"":100,""showHomeItems"":0}",https://img.bricklink.com/ItemImage/PN/88/3938.png,Lego,3287,47,Reddish Brown,1
470336383,Black Brick 8 x 16,PART 4204,In Stock,Used,3.89 AUD,"https://store.bricklink.com/luke.donohoe#/shop?o={""q"":""470336383"",""sort"":0,""pgSize"":100,""showHomeItems"":0}",https://img.bricklink.com/ItemImage/PN/11/4204.png,Lego,3287,47,Black,1
470336809,"White Technic, Axle  2L with Reverser Handle Axle Connector",PART 6553,In Stock,Used,1.56 AUD,"https://store.bricklink.com/luke.donohoe#/shop?o={""q"":""470336809"",""sort"":0,""pgSize"":100,""showHomeItems"":0}",https://img.bricklink.com/ItemImage/PN/1/6553.png,Lego,3287,47,White,4
470336940,"Tan Torso Western Indians Triangles, Red/White Amulet Pattern / Tan Arms / Yellow Hands",PART 973px103c01,In Stock,Used,2.79 AUD,"https://store.bricklink.com/luke.donohoe#/shop?o={""q"":""470336940"",""sort"":0,""pgSize"":100,""showHomeItems"":0}",https://img.bricklink.com/ItemImage/PN/2/973px103c01.png,Lego,3287,47,Tan,1
470336969,Trans-Brown Windscreen 8 x 6 x 3 Wedge with Imperial Shuttle Pattern,PART 551ps1,In Stock,Used,1.59 AUD,"https://store.bricklink.com/luke.donohoe#/shop?o={""q"":""470336969"",""sort"":0,""pgSize"":100,""showHomeItems"":0}",https://img.bricklink.com/ItemImage/PN/13/551ps1.png,Lego,3287,47,Trans-Brown,1
470336970,"Yellow Minifigure, Head Beard with Brown Eyebrows, Moustache and Beard, Black Chin Dimple Pattern",PART 3626ps9,In Stock,Used,1.17 AUD,"https://store.bricklink.com/luke.donohoe#/shop?o={""q"":""470336970"",""sort"":0,""pgSize"":100,""showHomeItems"":0}",https://img.bricklink.com/ItemImage/PN/3/3626ps9.png,Lego,3287,47,Yellow,1
470337043,"Orange Technic, Liftarm Thick 1 x 11",PART 32525,In Stock,Used,1.39 AUD,"https://store.bricklink.com/luke.donohoe#/shop?o={""q"":""470337043"",""sort"":0,""pgSize"":100,""showHomeItems"":0}",https://img.bricklink.com/ItemImage/PN/4/32525.png,Lego,3287,47,Orange,2
470337160,"White Technic, Axle Connector 2L (Ridged with x Hole x Orientation)",PART 6538b,In Stock,Used,1.10 AUD,"https://store.bricklink.com/luke.donohoe#/shop?o={""q"":""470337160"",""sort"":0,""pgSize"":100,""showHomeItems"":0}",https://img.bricklink.com/ItemImage/PN/1/6538b.png,Lego,3287,47,White,1
470337246,Reddish Brown Wedge 4 x 2 Triple Left,PART 43710,In Stock,Used,1.06 AUD,"https://store.bricklink.com/luke.donohoe#/shop?o={""q"":""470337246"",""sort"":0,""pgSize"":100,""showHomeItems"":0}",https://img.bricklink.com/ItemImage/PN/88/43710.png,Lego,3287,47,Reddish Brown,1
470337334,Light Gray Dish 8 x 8 Inverted (Radar) with Mini Millennium Falcon Pattern,PART 3961px1,In Stock,Used,2.69 AUD,"https://store.bricklink.com/luke.donohoe#/shop?o={""q"":""470337334"",""sort"":0,""pgSize"":100,""showHomeItems"":0}",https://img.bricklink.com/ItemImage/PN/9/3961px1.png,Lego,3287,47,Light Gray,1
470510288,"Red Wedge, Plate 12 x 3 Right",PART 47398,In Stock,New,1.42 AUD,"https://store.bricklink.com/luke.donohoe#/shop?o={""q"":""470510288"",""sort"":0,""pgSize"":100,""showHomeItems"":0}",https://img.bricklink.com/ItemImage/PN/5/47398.png,Lego,3287,47,Red,1
470337540,"White Torso SW Clone Pilot with Sand Blue Hoses, Black Straps Pattern / Sand Blue Arms / White Hands",PART 973pb0362c01,In Stock,Used,1.68 AUD,"https://store.bricklink.com/luke.donohoe#/shop?o={""q"":""470337540"",""sort"":0,""pgSize"":100,""showHomeItems"":0}",https://img.bricklink.com/ItemImage/PN/1/973pb0362c01.png,Lego,3287,47,White,1
470337560,"Trans-Bright Green Ball, Bionicle Zamor Sphere",PART 54821,In Stock,Used,2.20 AUD,"https://store.bricklink.com/luke.donohoe#/shop?o={""q"":""470337560"",""sort"":0,""pgSize"":100,""showHomeItems"":0}",https://img.bricklink.com/ItemImage/PN/108/54821.png,Lego,3287,47,Trans-Bright Green,1
470337601,"Black Train Wheel RC, Holder",PART 2878,In Stock,Used,1.06 AUD,"https://store.bricklink.com/luke.donohoe#/shop?o={""q"":""470337601"",""sort"":0,""pgSize"":100,""showHomeItems"":0}",https://img.bricklink.com/ItemImage/PN/11/2878.png,Lego,3287,47,Black,8
470338021,"Black Boat, Rubber Raft, Large",PART 62812,In Stock,Used,3.01 AUD,"https://store.bricklink.com/luke.donohoe#/shop?o={""q"":""470338021"",""sort"":0,""pgSize"":100,""showHomeItems"":0}",https://img.bricklink.com/ItemImage/PN/11/62812.png,Lego,3287,47,Black,1
470338023,"Yellow Minifigure, Head Cyborg with Silver Mechanical Right Eye Lime, Dark Orange Scars on Left Cheek, Black Stubble Pattern",PART 3626pb0309,In Stock,Used,1.75 AUD,"https://store.bricklink.com/luke.donohoe#/shop?o={""q"":""470338023"",""sort"":0,""pgSize"":100,""showHomeItems"":0}",https://img.bricklink.com/ItemImage/PN/3/3626pb0309.png,Lego,3287,47,Yellow,1
470338071,"Light Bluish Gray Minifigure, Hair Swept Back with Widow's Peak",PART 64798,In Stock,Used,1.23 AUD,"https://store.bricklink.com/luke.donohoe#/shop?o={""q"":""470338071"",""sort"":0,""pgSize"":100,""showHomeItems"":0}",https://img.bricklink.com/ItemImage/PN/86/64798.png,Lego,3287,47,Light Bluish Gray,2
470338074,"Light Bluish Gray Technic, Liftarm, Modified Frame Thick 5 x 7 Open Center",PART 64179,In Stock,Used,1.28 AUD,"https://store.bricklink.com/luke.donohoe#/shop?o={""q"":""470338074"",""sort"":0,""pgSize"":100,""showHomeItems"":0}",https://img.bricklink.com/ItemImage/PN/86/64179.png,Lego,3287,47,Light Bluish Gray,1
470338130,"Dark Blue Technic, Panel Fairing # 6 Long Smooth, Side B",PART 64393,In Stock,Used,1.09 AUD,"https://store.bricklink.com/luke.donohoe#/shop?o={""q"":""470338130"",""sort"":0,""pgSize"":100,""showHomeItems"":0}",https://img.bricklink.com/ItemImage/PN/63/64393.png,Lego,3287,47,Dark Blue,1
470338132,"Dark Blue Technic, Panel Fairing # 5 Long Smooth, Side A",PART 64681,In Stock,Used,1.04 AUD,"https://store.bricklink.com/luke.donohoe#/shop?o={""q"":""470338132"",""sort"":0,""pgSize"":100,""showHomeItems"":0}",https://img.bricklink.com/ItemImage/PN/63/64681.png,Lego,3287,47,Dark Blue,1
470338205,"Green Minifigure, Headgear Helmet Army with Cross in White Circle Pattern (Medic)",PART 87998pb01,In Stock,Used,1.53 AUD,"https://store.bricklink.com/luke.donohoe#/shop?o={""q"":""470338205"",""sort"":0,""pgSize"":100,""showHomeItems"":0}",https://img.bricklink.com/ItemImage/PN/6/87998pb01.png,Lego,3287,47,Green,1
470338283,Dark Purple Wheel 75mm D. x 17mm Motorcycle,PART 88517,In Stock,Used,1.51 AUD,"https://store.bricklink.com/luke.donohoe#/shop?o={""q"":""470338283"",""sort"":0,""pgSize"":100,""showHomeItems"":0}",https://img.bricklink.com/ItemImage/PN/89/88517.png,Lego,3287,47,Dark Purple,1
470338284,Pearl Gold Wheel 75mm D. x 17mm Motorcycle,PART 88517,In Stock,Used,1.38 AUD,"https://store.bricklink.com/luke.donohoe#/shop?o={""q"":""470338284"",""sort"":0,""pgSize"":100,""showHomeItems"":0}",https://img.bricklink.com/ItemImage/PN/115/88517.png,Lego,3287,47,Pearl Gold,1
470338285,Black Wheel 75mm D. x 17mm Motorcycle with Black Tire 94.2mm D. x 22mm Motorcycle Racing Tread (88517 / 88516),PART 88517c01,In Stock,Used,3.07 AUD,"https://store.bricklink.com/luke.donohoe#/shop?o={""q"":""470338285"",""sort"":0,""pgSize"":100,""showHomeItems"":0}",https://img.bricklink.com/ItemImage/PN/11/88517c01.png,Lego,3287,47,Black,1
470338326,"Black Minifigure, Utensil Fishing Rod / Pole, 8L",PART 93222,In Stock,Used,1.67 AUD,"https://store.bricklink.com/luke.donohoe#/shop?o={""q"":""470338326"",""sort"":0,""pgSize"":100,""showHomeItems"":0}",https://img.bricklink.com/ItemImage/PN/11/93222.png,Lego,3287,47,Black,1
470338377,(Not Applicable) Kai - The Golden Weapons,MINIFIG njo0007,In Stock,Used,3.84 AUD,"https://store.bricklink.com/luke.donohoe#/shop?o={""q"":""470338377"",""sort"":0,""pgSize"":100,""showHomeItems"":0}",https://img.bricklink.com/ItemImage/PN/0/njo0007.png,Lego,3287,47,(Not Applicable),1
470338399,"Tan Minifigure, Hair Mohawk",PART 93563,In Stock,Used,2.28 AUD,"https://store.bricklink.com/luke.donohoe#/shop?o={""q"":""470338399"",""sort"":0,""pgSize"":100,""showHomeItems"":0}",https://img.bricklink.com/ItemImage/PN/2/93563.png,Lego,3287,47,Tan,1
470338427,Black Torso Ninjago Gold Dragon Front and Gold Lion and 'COLE' Back Pattern / Black Arms / Black Hands,PART 973pb0863c01,In Stock,Used,1.19 AUD,"https://store.bricklink.com/luke.donohoe#/shop?o={""q"":""470338427"",""sort"":0,""pgSize"":100,""showHomeItems"":0}",https://img.bricklink.com/ItemImage/PN/11/973pb0863c01.png,Lego,3287,47,Black,1
470338472,Light Bluish Gray Body Microfigure Complete,PART 85863,In Stock,Used,1.53 AUD,"https://store.bricklink.com/luke.donohoe#/shop?o={""q"":""470338472"",""sort"":0,""pgSize"":100,""showHomeItems"":0}",https://img.bricklink.com/ItemImage/PN/86/85863.png,Lego,3287,47,Light Bluish Gray,1
470338533,"Yellow Minifigure, Head, Modified SpongeBob SquarePants with Open Mouth Smile Large Pattern",PART 54872pb08,In Stock,Used,1.97 AUD,"https://store.bricklink.com/luke.donohoe#/shop?o={""q"":""470338533"",""sort"":0,""pgSize"":100,""showHomeItems"":0}",https://img.bricklink.com/ItemImage/PN/3/54872pb08.png,Lego,3287,47,Yellow,1
470338550,(Not Applicable) Jay ZX - Shoulder Armor,MINIFIG njo0047,In Stock,Used,5.34 AUD,"https://store.bricklink.com/luke.donohoe#/shop?o={""q"":""470338550"",""sort"":0,""pgSize"":100,""showHomeItems"":0}",https://img.bricklink.com/ItemImage/PN/0/njo0047.png,Lego,3287,47,(Not Applicable),1
470338557,"Pearl Gold Minifigure, Head, Modified SW 3PO / TC Series Protocol Droid with Bright Light Yellow Eyes Pattern (C-3PO / K-3PO / TC-4 / TC-14 / U-3PO)",PART x134pb01,In Stock,Used,1.17 AUD,"https://store.bricklink.com/luke.donohoe#/shop?o={""q"":""470338557"",""sort"":0,""pgSize"":100,""showHomeItems"":0}",https://img.bricklink.com/ItemImage/PN/115/x134pb01.png,Lego,3287,47,Pearl Gold,1
470338559,"Light Bluish Gray Tile, Round 2 x 2 with Black SW Tie Fighter Pattern",PART 4150pb086,In Stock,Used,1.11 AUD,"https://store.bricklink.com/luke.donohoe#/shop?o={""q"":""470338559"",""sort"":0,""pgSize"":100,""showHomeItems"":0}",https://img.bricklink.com/ItemImage/PN/86/4150pb086.png,Lego,3287,47,Light Bluish Gray,2
470338560,"Pearl Dark Gray Minifigure, Headgear Helmet Ninja / Samurai with Clip and Long Visor",PART 98128,In Stock,Used,1.35 AUD,"https://store.bricklink.com/luke.donohoe#/shop?o={""q"":""470338560"",""sort"":0,""pgSize"":100,""showHomeItems"":0}",https://img.bricklink.com/ItemImage/PN/77/98128.png,Lego,3287,47,Pearl Dark Gray,1
470338561,"Pearl Gold Minifigure, Headgear Helmet Ninja / Samurai with Clip and Long Visor",PART 98128,In Stock,Used,1.73 AUD,"https://store.bricklink.com/luke.donohoe#/shop?o={""q"":""470338561"",""sort"":0,""pgSize"":100,""showHomeItems"":0}",https://img.bricklink.com/ItemImage/PN/115/98128.png,Lego,3287,47,Pearl Gold,1
469990261,"(Not Applicable) Wolverine - Hair, Dark Blue Hands",MINIFIG sh0017,In Stock,New,47.72 AUD,"https://store.bricklink.com/luke.donohoe#/shop?o={""q"":""469990261"",""sort"":0,""pgSize"":100,""showHomeItems"":0}",https://img.bricklink.com/ItemImage/PN/0/sh0017.png,Lego,3287,47,(Not Applicable),1
470338590,"Dark Red Torso Armor with White Circle Arc Reactor, Gold Panels Pattern (Iron Man Mark 7) / Dark Red Arms / Dark Red Hands",PART 973pb1101c01,In Stock,Used,3.79 AUD,"https://store.bricklink.com/luke.donohoe#/shop?o={""q"":""470338590"",""sort"":0,""pgSize"":100,""showHomeItems"":0}",https://img.bricklink.com/ItemImage/PN/59/973pb1101c01.png,Lego,3287,47,Dark Red,1
470338616,Lime Hips and Legs with Dark Green Scales Pattern (Lizaru),PART 970c00pb0178,In Stock,Used,1.41 AUD,"https://store.bricklink.com/luke.donohoe#/shop?o={""q"":""470338616"",""sort"":0,""pgSize"":100,""showHomeItems"":0}",https://img.bricklink.com/ItemImage/PN/34/970c00pb0178.png,Lego,3287,47,Lime,1
470338618,Black Torso Ninjago Snake with Orange Scales Pattern (Bytar) / Dark Bluish Gray Arms / Black Hands,PART 973pb1195c01,In Stock,Used,1.21 AUD,"https://store.bricklink.com/luke.donohoe#/shop?o={""q"":""470338618"",""sort"":0,""pgSize"":100,""showHomeItems"":0}",https://img.bricklink.com/ItemImage/PN/11/973pb1195c01.png,Lego,3287,47,Black,1
470338669,(Not Applicable) Longtooth - Armor,MINIFIG loc012,In Stock,Used,2.90 AUD,"https://store.bricklink.com/luke.donohoe#/shop?o={""q"":""470338669"",""sort"":0,""pgSize"":100,""showHomeItems"":0}",https://img.bricklink.com/ItemImage/PN/0/loc012.png,Lego,3287,47,(Not Applicable),1
470338683,"Dark Red Minifigure, Visor Top Hinge with Gold Face Shield, Medium Blue Eyes, Silver Chin Pattern (Iron Man Mark 17)",PART 10908pb02,In Stock,Used,6.21 AUD,"https://store.bricklink.com/luke.donohoe#/shop?o={""q"":""470338683"",""sort"":0,""pgSize"":100,""showHomeItems"":0}",https://img.bricklink.com/ItemImage/PN/59/10908pb02.png,Lego,3287,47,Dark Red,1
470338700,Dark Bluish Gray Hips and Legs with Iron Man Silver Knee Plates and Boots Pattern,PART 970c00pb0237,In Stock,Used,1.82 AUD,"https://store.bricklink.com/luke.donohoe#/shop?o={""q"":""470338700"",""sort"":0,""pgSize"":100,""showHomeItems"":0}",https://img.bricklink.com/ItemImage/PN/85/970c00pb0237.png,Lego,3287,47,Dark Bluish Gray,1
470338852,"Dark Bluish Gray Brick, Round 2 x 2 Dome Top with Black Spots on Tan Pattern (Buzz Droid)",PART 553pb019,In Stock,Used,1.40 AUD,"https://store.bricklink.com/luke.donohoe#/shop?o={""q"":""470338852"",""sort"":0,""pgSize"":100,""showHomeItems"":0}",https://img.bricklink.com/ItemImage/PN/85/553pb019.png,Lego,3287,47,Dark Bluish Gray,1
470338854,"Dark Bluish Gray Torso Suit Jacket Buttoned with Lapels, Pockets, White Shirt, and Red Tie Pattern / Dark Bluish Gray Arms / Yellow Hands",PART 973pb1614c01,In Stock,Used,2.84 AUD,"https://store.bricklink.com/luke.donohoe#/shop?o={""q"":""470338854"",""sort"":0,""pgSize"":100,""showHomeItems"":0}",https://img.bricklink.com/ItemImage/PN/85/973pb1614c01.png,Lego,3287,47,Dark Bluish Gray,1
470338865,"Red Minifigure, Headgear Mask The Flash with Yellow Wings Pattern",PART 15554pb01,In Stock,Used,2.03 AUD,"https://store.bricklink.com/luke.donohoe#/shop?o={""q"":""470338865"",""sort"":0,""pgSize"":100,""showHomeItems"":0}",https://img.bricklink.com/ItemImage/PN/5/15554pb01.png,Lego,3287,47,Red,1
470510270,Black Slope 45 2 x 2 with Silver Control Panel and Screen Pattern,PART 3039pb076,In Stock,New,1.11 AUD,"https://store.bricklink.com/luke.donohoe#/shop?o={""q"":""470510270"",""sort"":0,""pgSize"":100,""showHomeItems"":0}",https://img.bricklink.com/ItemImage/PN/11/3039pb076.png,Lego,3287,47,Black,1
470338888,"Light Nougat Minifigure, Head Dual Sided Brown Eyebrows, White Pupils, Smile with Teeth / Scared Pattern (Ray Stantz)",PART 3626pb1128,In Stock,Used,3.11 AUD,"https://store.bricklink.com/luke.donohoe#/shop?o={""q"":""470338888"",""sort"":0,""pgSize"":100,""showHomeItems"":0}",https://img.bricklink.com/ItemImage/PN/90/3626pb1128.png,Lego,3287,47,Light Nougat,1
470338890,(Not Applicable) Batman - Black Suit with Copper Belt (Type 2 Cowl),MINIFIG sh0132,In Stock,Used,45.68 AUD,"https://store.bricklink.com/luke.donohoe#/shop?o={""q"":""470338890"",""sort"":0,""pgSize"":100,""showHomeItems"":0}",https://img.bricklink.com/ItemImage/PN/0/sh0132.png,Lego,3287,47,(Not Applicable),1
470338929,"White Tile 2 x 2 with Minifigure, Arrow, Ruler and Molecule (Brainstein's Classified Notes) Pattern",PART 3068pb0905,In Stock,Used,2.68 AUD,"https://store.bricklink.com/luke.donohoe#/shop?o={""q"":""470338929"",""sort"":0,""pgSize"":100,""showHomeItems"":0}",https://img.bricklink.com/ItemImage/PN/1/3068pb0905.png,Lego,3287,47,White,1
470339044,"White Minifigure, Headgear Helmet Space with Trans-Light Blue Visor and Ear Protectors",PART 19023c01,In Stock,Used,2.95 AUD,"https://store.bricklink.com/luke.donohoe#/shop?o={""q"":""470339044"",""sort"":0,""pgSize"":100,""showHomeItems"":0}",https://img.bricklink.com/ItemImage/PN/1/19023c01.png,Lego,3287,47,White,1
470339045,Lime Torso Female Silver and Gold Space Armor with Green Dirt and Belt Buckle with Ultra Agent Toxic Pattern / Lime Arms / Bright Green Hands,PART 973pb1967c01,In Stock,Used,1.83 AUD,"https://store.bricklink.com/luke.donohoe#/shop?o={""q"":""470339045"",""sort"":0,""pgSize"":100,""showHomeItems"":0}",https://img.bricklink.com/ItemImage/PN/34/973pb1967c01.png,Lego,3287,47,Lime,1
470339046,"Dark Purple Minifigure, Head, Modified Snake Short Neck with Open Mouth with White Fangs and Red Eyes Pattern",PART bb0662pb01,In Stock,Used,1.67 AUD,"https://store.bricklink.com/luke.donohoe#/shop?o={""q"":""470339046"",""sort"":0,""pgSize"":100,""showHomeItems"":0}",https://img.bricklink.com/ItemImage/PN/89/bb0662pb01.png,Lego,3287,47,Dark Purple,1
470339110,Black Large Figure Head Modified SW Kylo Ren Pattern,PART 24899pb01,In Stock,Used,1.31 AUD,"https://store.bricklink.com/luke.donohoe#/shop?o={""q"":""470339110"",""sort"":0,""pgSize"":100,""showHomeItems"":0}",https://img.bricklink.com/ItemImage/PN/11/24899pb01.png,Lego,3287,47,Black,1
470339145,Red Hips and Pearl Gold Legs with Gold Belt and Boots over Red Pants Pattern,PART 970c115pb002,In Stock,Used,1.81 AUD,"https://store.bricklink.com/luke.donohoe#/shop?o={""q"":""470339145"",""sort"":0,""pgSize"":100,""showHomeItems"":0}",https://img.bricklink.com/ItemImage/PN/5/970c115pb002.png,Lego,3287,47,Red,1
470339188,Dark Bluish Gray Wheel Cover 10 Spoke (Spokes in Pairs) - for Wheel 18976,PART 24308a,In Stock,Used,1.86 AUD,"https://store.bricklink.com/luke.donohoe#/shop?o={""q"":""470339188"",""sort"":0,""pgSize"":100,""showHomeItems"":0}",https://img.bricklink.com/ItemImage/PN/85/24308a.png,Lego,3287,47,Dark Bluish Gray,4
470339191,(Not Applicable) Kai - Skybound,MINIFIG njo0198,In Stock,Used,2.82 AUD,"https://store.bricklink.com/luke.donohoe#/shop?o={""q"":""470339191"",""sort"":0,""pgSize"":100,""showHomeItems"":0}",https://img.bricklink.com/ItemImage/PN/0/njo0198.png,Lego,3287,47,(Not Applicable),1
470339192,(Not Applicable) Kai - Skybound,MINIFIG njo0198,In Stock,Used,2.82 AUD,"https://store.bricklink.com/luke.donohoe#/shop?o={""q"":""470339192"",""sort"":0,""pgSize"":100,""showHomeItems"":0}",https://img.bricklink.com/ItemImage/PN/0/njo0198.png,Lego,3287,47,(Not Applicable),1
470339193,"Red Hips and Flat Silver Legs with Red Armor, Silver Stripes, Red and Yellow Knee Plates and Orange Belt Pouches Pattern",PART 970c95pb003,In Stock,Used,1.10 AUD,"https://store.bricklink.com/luke.donohoe#/shop?o={""q"":""470339193"",""sort"":0,""pgSize"":100,""showHomeItems"":0}",https://img.bricklink.com/ItemImage/PN/5/970c95pb003.png,Lego,3287,47,Red,1
470339194,(Not Applicable) Enderman - Light Bluish Gray Block,MINIFIG min024,In Stock,Used,7.08 AUD,"https://store.bricklink.com/luke.donohoe#/shop?o={""q"":""470339194"",""sort"":0,""pgSize"":100,""showHomeItems"":0}",https://img.bricklink.com/ItemImage/PN/0/min024.png,Lego,3287,47,(Not Applicable),2
470339195,(Not Applicable) Kai - Rebooted with ZX Hood,MINIFIG njo0205,In Stock,Used,3.19 AUD,"https://store.bricklink.com/luke.donohoe#/shop?o={""q"":""470339195"",""sort"":0,""pgSize"":100,""showHomeItems"":0}",https://img.bricklink.com/ItemImage/PN/0/njo0205.png,Lego,3287,47,(Not Applicable),1
470339243,"Dark Purple Minifigure, Head, Modified Snake Short Neck with Open Mouth with White Fangs, Silver Right Eye and Light Blue Left Eye Pattern",PART bb0662pb04,In Stock,Used,2.65 AUD,"https://store.bricklink.com/luke.donohoe#/shop?o={""q"":""470339243"",""sort"":0,""pgSize"":100,""showHomeItems"":0}",https://img.bricklink.com/ItemImage/PN/89/bb0662pb04.png,Lego,3287,47,Dark Purple,1
470339278,"Dark Bluish Gray Torso Vest, White Shirt Rumpled, Dark Red Tie, Shoulder Holster Pattern / Medium Nougat Arms with White Short Sleeves / Medium Nougat Hands",PART 973pb2572c01,In Stock,Used,1.39 AUD,"https://store.bricklink.com/luke.donohoe#/shop?o={""q"":""470339278"",""sort"":0,""pgSize"":100,""showHomeItems"":0}",https://img.bricklink.com/ItemImage/PN/85/973pb2572c01.png,Lego,3287,47,Dark Bluish Gray,1
470339287,Bright Green Hips and Light Nougat Legs with Red Boots Pattern,PART 970c90pb07,In Stock,Used,1.15 AUD,"https://store.bricklink.com/luke.donohoe#/shop?o={""q"":""470339287"",""sort"":0,""pgSize"":100,""showHomeItems"":0}",https://img.bricklink.com/ItemImage/PN/36/970c90pb07.png,Lego,3287,47,Bright Green,1
470339288,"Olive Green Arm Giant, Left with Stud on Wrist, Dark Green Spots and Silver Manacle Pattern",PART 28232pb01,In Stock,Used,3.72 AUD,"https://store.bricklink.com/luke.donohoe#/shop?o={""q"":""470339288"",""sort"":0,""pgSize"":100,""showHomeItems"":0}",https://img.bricklink.com/ItemImage/PN/155/28232pb01.png,Lego,3287,47,Olive Green,1
470339289,(Not Applicable) Ford Race Marshal,MINIFIG sc039,In Stock,Used,3.41 AUD,"https://store.bricklink.com/luke.donohoe#/shop?o={""q"":""470339289"",""sort"":0,""pgSize"":100,""showHomeItems"":0}",https://img.bricklink.com/ItemImage/PN/0/sc039.png,Lego,3287,47,(Not Applicable),1
470339349,(Not Applicable) Zane (Spinjitzu Masters) - Sons of Garmadon,MINIFIG njo0405,In Stock,Used,5.27 AUD,"https://store.bricklink.com/luke.donohoe#/shop?o={""q"":""470339349"",""sort"":0,""pgSize"":100,""showHomeItems"":0}",https://img.bricklink.com/ItemImage/PN/0/njo0405.png,Lego,3287,47,(Not Applicable),1
470339353,"Trans-Neon Orange Minifigure, Weapon Sword, Long with Molded Flexible Rubber Pearl Gold Tip and Angular Crossguard Pattern",PART 24108pb03,In Stock,Used,8.69 AUD,"https://store.bricklink.com/luke.donohoe#/shop?o={""q"":""470339353"",""sort"":0,""pgSize"":100,""showHomeItems"":0}",https://img.bricklink.com/ItemImage/PN/18/24108pb03.png,Lego,3287,47,Trans-Neon Orange,1
470339355,"Black Minifigure, Head Alien with White Eyes with Red Flames Pattern",PART 3626pb2050,In Stock,Used,1.80 AUD,"https://store.bricklink.com/luke.donohoe#/shop?o={""q"":""470339355"",""sort"":0,""pgSize"":100,""showHomeItems"":0}",https://img.bricklink.com/ItemImage/PN/11/3626pb2050.png,Lego,3287,47,Black,1
470339362,"Black Torso, Modified Short with Smooth Armor Breastplate with Shoulder Pads and Red, Yellow and White Tribal Pattern / Black Arms / Red Hands",PART 28680pb03c01,In Stock,Used,1.93 AUD,"https://store.bricklink.com/luke.donohoe#/shop?o={""q"":""470339362"",""sort"":0,""pgSize"":100,""showHomeItems"":0}",https://img.bricklink.com/ItemImage/PN/11/28680pb03c01.png,Lego,3287,47,Black,1
470339363,Sand Green Dinosaur Head Raptor with Pin Hole with Tan Teeth and Dark Blue Stripes and Dark Tan Markings Pattern,PART 98065pb08,In Stock,Used,2.99 AUD,"https://store.bricklink.com/luke.donohoe#/shop?o={""q"":""470339363"",""sort"":0,""pgSize"":100,""showHomeItems"":0}",https://img.bricklink.com/ItemImage/PN/48/98065pb08.png,Lego,3287,47,Sand Green,1
470339364,"Light Bluish Gray Torso Female, Tattered Vest and Bandana, Purple and Yellow Streaks Pattern / Light Bluish Gray Arms / Black Hands",PART 973pb3115c01,In Stock,Used,1.56 AUD,"https://store.bricklink.com/luke.donohoe#/shop?o={""q"":""470339364"",""sort"":0,""pgSize"":100,""showHomeItems"":0}",https://img.bricklink.com/ItemImage/PN/86/973pb3115c01.png,Lego,3287,47,Light Bluish Gray,1
470339385,"Flat Silver Minifigure Armor Breastplate with Leg Protection with Orange Circle and Black Wear, Pitting, Holes and Claw Marks Pattern",PART 2587pb34,In Stock,Used,2.24 AUD,"https://store.bricklink.com/luke.donohoe#/shop?o={""q"":""470339385"",""sort"":0,""pgSize"":100,""showHomeItems"":0}",https://img.bricklink.com/ItemImage/PN/95/2587pb34.png,Lego,3287,47,Flat Silver,1
470339386,"Black Minifigure Armor Breastplate with Shoulder Pad Left Spiked with Molded Flat Silver Face Bars, Scabbard, and Spikes Pattern",PART 36015pb01,In Stock,Used,1.45 AUD,"https://store.bricklink.com/luke.donohoe#/shop?o={""q"":""470339386"",""sort"":0,""pgSize"":100,""showHomeItems"":0}",https://img.bricklink.com/ItemImage/PN/11/36015pb01.png,Lego,3287,47,Black,2
470339412,"Flat Silver Minifigure, Head Alien Robot with Silver Nose, Rivets, and Chin Strap Pattern",PART 3626pb2322,In Stock,Used,1.02 AUD,"https://store.bricklink.com/luke.donohoe#/shop?o={""q"":""470339412"",""sort"":0,""pgSize"":100,""showHomeItems"":0}",https://img.bricklink.com/ItemImage/PN/95/3626pb2322.png,Lego,3287,47,Flat Silver,1
470339422,"Pearl Gold Minifigure, Head, Modified Snake, Cobra with Open Mouth with Molded Trans-Orange Eyes, Tongue, and Flames on Open Hood Pattern",PART 41201pb01,In Stock,Used,2.44 AUD,"https://store.bricklink.com/luke.donohoe#/shop?o={""q"":""470339422"",""sort"":0,""pgSize"":100,""showHomeItems"":0}",https://img.bricklink.com/ItemImage/PN/115/41201pb01.png,Lego,3287,47,Pearl Gold,1
470339423,Dark Brown Bird Head Jaw Upper with Dark Brown Beak and Tan Horns Pattern (Hungarian Horntail),PART 38832pb03,In Stock,Used,1.01 AUD,"https://store.bricklink.com/luke.donohoe#/shop?o={""q"":""470339423"",""sort"":0,""pgSize"":100,""showHomeItems"":0}",https://img.bricklink.com/ItemImage/PN/120/38832pb03.png,Lego,3287,47,Dark Brown,2
470339424,Dark Brown Dragon Wing 19 x 11 with Bar Hole and 2 Pin Holes with Marbled Trans-Brown Trailing Edge Pattern,PART 51342pb11,In Stock,Used,2.11 AUD,"https://store.bricklink.com/luke.donohoe#/shop?o={""q"":""470339424"",""sort"":0,""pgSize"":100,""showHomeItems"":0}",https://img.bricklink.com/ItemImage/PN/120/51342pb11.png,Lego,3287,47,Dark Brown,4
470339428,"Pearl Dark Gray Torso Female Ninjago Robe, Black Hem, Dark Azure Scarf, Sash and Trim Pattern / Pearl Dark Gray Arms / Black Hands",PART 973pb3617c01,In Stock,Used,1.25 AUD,"https://store.bricklink.com/luke.donohoe#/shop?o={""q"":""470339428"",""sort"":0,""pgSize"":100,""showHomeItems"":0}",https://img.bricklink.com/ItemImage/PN/77/973pb3617c01.png,Lego,3287,47,Pearl Dark Gray,1
470339437,"Tan Tile 2 x 2 with Newspaper 'the Daily Prophet', 'EXCLUSIVE', 'MAYHEM AT HIGH SECURITY PRISON', and 'MASS BREAKOUT FROM AZKABAN' Pattern",PART 3068pb1294,In Stock,Used,2.06 AUD,"https://store.bricklink.com/luke.donohoe#/shop?o={""q"":""470339437"",""sort"":0,""pgSize"":100,""showHomeItems"":0}",https://img.bricklink.com/ItemImage/PN/2/3068pb1294.png,Lego,3287,47,Tan,1
470339438,(Not Applicable) Hausner,MINIFIG njo0578,In Stock,Used,2.99 AUD,"https://store.bricklink.com/luke.donohoe#/shop?o={""q"":""470339438"",""sort"":0,""pgSize"":100,""showHomeItems"":0}",https://img.bricklink.com/ItemImage/PN/0/njo0578.png,Lego,3287,47,(Not Applicable),1
470339440,"Black Torso Armor, Silver Plates and Medium Azure Circles Pattern / Black Arms / Black Hand Left / Dark Bluish Gray Hand Right",PART 973pb3819c01,In Stock,Used,1.42 AUD,"https://store.bricklink.com/luke.donohoe#/shop?o={""q"":""470339440"",""sort"":0,""pgSize"":100,""showHomeItems"":0}",https://img.bricklink.com/ItemImage/PN/11/973pb3819c01.png,Lego,3287,47,Black,1
470339475,"Reddish Brown Torso Pixelated Vest with Dark Brown, Dark Turquoise, Green, Sand Green, and White Pattern (Minecraft Drowned) / Sand Green Arms / Sand Green Hands",PART 973pb4451c01,In Stock,Used,1.09 AUD,"https://store.bricklink.com/luke.donohoe#/shop?o={""q"":""470339475"",""sort"":0,""pgSize"":100,""showHomeItems"":0}",https://img.bricklink.com/ItemImage/PN/88/973pb4451c01.png,Lego,3287,47,Reddish Brown,1
470337302,Dark Gray Torso SW Camouflage Smock Pattern (Endor) / Black Arms / Yellow Hand Left / Black Hand Right,PART 973psmc01,In Stock,Used,2.63 AUD,"https://store.bricklink.com/luke.donohoe#/shop?o={""q"":""470337302"",""sort"":0,""pgSize"":100,""showHomeItems"":0}",https://img.bricklink.com/ItemImage/PN/10/973psmc01.png,Lego,3287,47,Dark Gray,1
470337707,"Red Technic, Liftarm Thick 1 x 2 - Axle Hole",PART 60483,In Stock,Used,1.60 AUD,"https://store.bricklink.com/luke.donohoe#/shop?o={""q"":""470337707"",""sort"":0,""pgSize"":100,""showHomeItems"":0}",https://img.bricklink.com/ItemImage/PN/5/60483.png,Lego,3287,47,Red,1
470338028,"Olive Green Technic, Panel Curved 11 x 3 with 2 Pin Holes through Panel Surface",PART 62531,In Stock,New,1.42 AUD,"https://store.bricklink.com/luke.donohoe#/shop?o={""q"":""470338028"",""sort"":0,""pgSize"":100,""showHomeItems"":0}",https://img.bricklink.com/ItemImage/PN/155/62531.png,Lego,3287,47,Olive Green,1
470338206,"Dark Purple Minifigure, Head, Modified Zurg Pattern",PART 88060pb01,In Stock,Used,2.69 AUD,"https://store.bricklink.com/luke.donohoe#/shop?o={""q"":""470338206"",""sort"":0,""pgSize"":100,""showHomeItems"":0}",https://img.bricklink.com/ItemImage/PN/89/88060pb01.png,Lego,3287,47,Dark Purple,1
470338376,(Not Applicable) Jay - The Golden Weapons,MINIFIG njo0004,In Stock,Used,3.79 AUD,"https://store.bricklink.com/luke.donohoe#/shop?o={""q"":""470338376"",""sort"":0,""pgSize"":100,""showHomeItems"":0}",https://img.bricklink.com/ItemImage/PN/0/njo0004.png,Lego,3287,47,(Not Applicable),1
470338381,Light Bluish Gray Tile 2 x 2 with Red Aurebesh Characters 'LOCK' and Key Controls Pattern,PART 3068pb0378,In Stock,Used,1.48 AUD,"https://store.bricklink.com/luke.donohoe#/shop?o={""q"":""470338381"",""sort"":0,""pgSize"":100,""showHomeItems"":0}",https://img.bricklink.com/ItemImage/PN/86/3068pb0378.png,Lego,3287,47,Light Bluish Gray,1
470338483,"Bright Green Minifigure, Hair Female Messy with Swept-up Ponytail, Side Bangs and Clip",PART 95326,In Stock,Used,2.09 AUD,"https://store.bricklink.com/luke.donohoe#/shop?o={""q"":""470338483"",""sort"":0,""pgSize"":100,""showHomeItems"":0}",https://img.bricklink.com/ItemImage/PN/36/95326.png,Lego,3287,47,Bright Green,1
470338524,"Yellow Vehicle, Mudguard 4 x 2 1/2 x 1 with Arch Round",PART 98282,In Stock,Used,1.93 AUD,"https://store.bricklink.com/luke.donohoe#/shop?o={""q"":""470338524"",""sort"":0,""pgSize"":100,""showHomeItems"":0}",https://img.bricklink.com/ItemImage/PN/3/98282.png,Lego,3287,47,Yellow,1
470338580,"(Not Applicable) Iron Man - Mark 7 Armor, Small Helmet Visor, Foot Repulsors",MINIFIG sh0036,In Stock,Used,24.66 AUD,"https://store.bricklink.com/luke.donohoe#/shop?o={""q"":""470338580"",""sort"":0,""pgSize"":100,""showHomeItems"":0}",https://img.bricklink.com/ItemImage/PN/0/sh0036.png,Lego,3287,47,(Not Applicable),1
470338671,"Light Bluish Gray Hips and Orange Legs with SW Rebel Pilot Pockets, Light Bluish Gray Straps Pattern",PART 970c04pb03,In Stock,Used,1.16 AUD,"https://store.bricklink.com/luke.donohoe#/shop?o={""q"":""470338671"",""sort"":0,""pgSize"":100,""showHomeItems"":0}",https://img.bricklink.com/ItemImage/PN/86/970c04pb03.png,Lego,3287,47,Light Bluish Gray,1
470338682,Olive Green Rancor Paw with Pin,PART 11327,In Stock,Used,3.13 AUD,"https://store.bricklink.com/luke.donohoe#/shop?o={""q"":""470338682"",""sort"":0,""pgSize"":100,""showHomeItems"":0}",https://img.bricklink.com/ItemImage/PN/155/11327.png,Lego,3287,47,Olive Green,1
470338844,(Not Applicable) Nindroid Warrior with Neck Bracket,MINIFIG njo0096,In Stock,Used,5.54 AUD,"https://store.bricklink.com/luke.donohoe#/shop?o={""q"":""470338844"",""sort"":0,""pgSize"":100,""showHomeItems"":0}",https://img.bricklink.com/ItemImage/PN/0/njo0096.png,Lego,3287,47,(Not Applicable),1
470338845,"White Minifigure, Head Dual Sided Alien Female with Purple Circuitry, Green Eyes / Red Eyes Pattern (Pixal / P.I.X.A.L.)",PART 3626pb1037,In Stock,Used,6.58 AUD,"https://store.bricklink.com/luke.donohoe#/shop?o={""q"":""470338845"",""sort"":0,""pgSize"":100,""showHomeItems"":0}",https://img.bricklink.com/ItemImage/PN/1/3626pb1037.png,Lego,3287,47,White,1
470338891,Light Bluish Gray Torso Batman Logo in Yellow Oval with Muscles and Yellow Belt Front and Back Pattern / Light Bluish Gray Arms / Blue Hands,PART 973pb1002c02,In Stock,Used,1.12 AUD,"https://store.bricklink.com/luke.donohoe#/shop?o={""q"":""470338891"",""sort"":0,""pgSize"":100,""showHomeItems"":0}",https://img.bricklink.com/ItemImage/PN/86/973pb1002c02.png,Lego,3287,47,Light Bluish Gray,1
470339049,Dark Tan Dinosaur Jaw Lower Raptor with Tan Teeth Pattern,PART 98067pb01,In Stock,Used,3.35 AUD,"https://store.bricklink.com/luke.donohoe#/shop?o={""q"":""470339049"",""sort"":0,""pgSize"":100,""showHomeItems"":0}",https://img.bricklink.com/ItemImage/PN/69/98067pb01.png,Lego,3287,47,Dark Tan,1
470339073,"White Minifigure, Head Dual Sided Female Gray Eyes and Eye Shadow, Red Lips, Open Smile / Bared Teeth Angry Pattern (Harley Quinn)",PART 3626pb1362,In Stock,Used,1.32 AUD,"https://store.bricklink.com/luke.donohoe#/shop?o={""q"":""470339073"",""sort"":0,""pgSize"":100,""showHomeItems"":0}",https://img.bricklink.com/ItemImage/PN/1/3626pb1362.png,Lego,3287,47,White,1
470339253,(Not Applicable) Tarantula,MINIFIG sh0322,In Stock,Used,7.88 AUD,"https://store.bricklink.com/luke.donohoe#/shop?o={""q"":""470339253"",""sort"":0,""pgSize"":100,""showHomeItems"":0}",https://img.bricklink.com/ItemImage/PN/0/sh0322.png,Lego,3287,47,(Not Applicable),1
470339284,"Dark Green Hips and Legs with Green and Copper Armor, Knee Straps and Black Zoris Pattern",PART 970c00pb0631,In Stock,Used,2.07 AUD,"https://store.bricklink.com/luke.donohoe#/shop?o={""q"":""470339284"",""sort"":0,""pgSize"":100,""showHomeItems"":0}",https://img.bricklink.com/ItemImage/PN/80/970c00pb0631.png,Lego,3287,47,Dark Green,1
470339393,"(Not Applicable) Cole - Hunted, Gold Asian Symbol on Bandana",MINIFIG njo0472,In Stock,Used,5.01 AUD,"https://store.bricklink.com/luke.donohoe#/shop?o={""q"":""470339393"",""sort"":0,""pgSize"":100,""showHomeItems"":0}",https://img.bricklink.com/ItemImage/PN/0/njo0472.png,Lego,3287,47,(Not Applicable),1
470339427,(Not Applicable) Cole - Secrets of the Forbidden Spinjitzu,MINIFIG njo0532,In Stock,Used,3.69 AUD,"https://store.bricklink.com/luke.donohoe#/shop?o={""q"":""470339427"",""sort"":0,""pgSize"":100,""showHomeItems"":0}",https://img.bricklink.com/ItemImage/PN/0/njo0532.png,Lego,3287,47,(Not Applicable),1
470339439,(Not Applicable) Cole - Digi Cole,MINIFIG njo0579,In Stock,Used,4.55 AUD,"https://store.bricklink.com/luke.donohoe#/shop?o={""q"":""470339439"",""sort"":0,""pgSize"":100,""showHomeItems"":0}",https://img.bricklink.com/ItemImage/PN/0/njo0579.png,Lego,3287,47,(Not Applicable),1
470339487,Black Wheel 75mm D. x 17mm Motorcycle with Black Tire 94.3mm D. Motorcycle Racing Tread Narrow (88517 / 67140),PART 88517c03,In Stock,Used,17.34 AUD,"https://store.bricklink.com/luke.donohoe#/shop?o={""q"":""470339487"",""sort"":0,""pgSize"":100,""showHomeItems"":0}",https://img.bricklink.com/ItemImage/PN/11/88517c03.png,Lego,3287,47,Black,1
470337305,Trans-Green Spybotics Module,PART 4232c01,In Stock,Used,8.56 AUD,"https://store.bricklink.com/luke.donohoe#/shop?o={""q"":""470337305"",""sort"":0,""pgSize"":100,""showHomeItems"":0}",https://img.bricklink.com/ItemImage/PN/20/4232c01.png,Lego,3287,47,Trans-Green,1
470510286,"Red Wedge, Plate 12 x 3 Left",PART 47397,In Stock,New,1.47 AUD,"https://store.bricklink.com/luke.donohoe#/shop?o={""q"":""470510286"",""sort"":0,""pgSize"":100,""showHomeItems"":0}",https://img.bricklink.com/ItemImage/PN/5/47397.png,Lego,3287,47,Red,1
470337360,"Light Brown Technic, Axle and Pin Connector 2 x 5 with 2 Ball Joint Sockets, Open Sides",PART 47296,In Stock,Used,4.72 AUD,"https://store.bricklink.com/luke.donohoe#/shop?o={""q"":""470337360"",""sort"":0,""pgSize"":100,""showHomeItems"":0}",https://img.bricklink.com/ItemImage/PN/91/47296.png,Lego,3287,47,Light Brown,1
470337702,"Pearl Gold Plate, Round 4 x 4 with Hole",PART 60474,In Stock,Used,2.06 AUD,"https://store.bricklink.com/luke.donohoe#/shop?o={""q"":""470337702"",""sort"":0,""pgSize"":100,""showHomeItems"":0}",https://img.bricklink.com/ItemImage/PN/115/60474.png,Lego,3287,47,Pearl Gold,2
470510298,Trans-Brown Windscreen 6 x 4 x 2 Round with Bar Handle,PART 92279,In Stock,New,1.06 AUD,"https://store.bricklink.com/luke.donohoe#/shop?o={""q"":""470510298"",""sort"":0,""pgSize"":100,""showHomeItems"":0}",https://img.bricklink.com/ItemImage/PN/13/92279.png,Lego,3287,47,Trans-Brown,1
470338615,"Dark Green Minifigure, Head, Modified Snake with Horns and Black Scales Pattern (Lizaru)",PART 98146pb01,In Stock,Used,1.76 AUD,"https://store.bricklink.com/luke.donohoe#/shop?o={""q"":""470338615"",""sort"":0,""pgSize"":100,""showHomeItems"":0}",https://img.bricklink.com/ItemImage/PN/80/98146pb01.png,Lego,3287,47,Dark Green,1
470338827,"Black Chain with Ball, 5 Links",PART 15532,In Stock,Used,1.31 AUD,"https://store.bricklink.com/luke.donohoe#/shop?o={""q"":""470338827"",""sort"":0,""pgSize"":100,""showHomeItems"":0}",https://img.bricklink.com/ItemImage/PN/11/15532.png,Lego,3287,47,Black,1
470339034,"White Wheel 18mm D. x 12mm with Axle Hole and Stud, Solid Brake Rotor Lines",PART 18976,In Stock,Used,1.64 AUD,"https://store.bricklink.com/luke.donohoe#/shop?o={""q"":""470339034"",""sort"":0,""pgSize"":100,""showHomeItems"":0}",https://img.bricklink.com/ItemImage/PN/1/18976.png,Lego,3287,47,White,1
470339233,"Light Nougat Minifigure, Head Dual Sided Female, Reddish Brown Eyebrows, Dark Tan Lips Neutral / Scared Pattern",PART 3626pb1627,In Stock,Used,1.75 AUD,"https://store.bricklink.com/luke.donohoe#/shop?o={""q"":""470339233"",""sort"":0,""pgSize"":100,""showHomeItems"":0}",https://img.bricklink.com/ItemImage/PN/90/3626pb1627.png,Lego,3287,47,Light Nougat,1
470339280,"Medium Blue Minifigure, Head Alien with Red Eyes, Silver Goggles and Blue Cheek Lines Pattern (Mr. Freeze)",PART 3626pb1742,In Stock,Used,1.56 AUD,"https://store.bricklink.com/luke.donohoe#/shop?o={""q"":""470339280"",""sort"":0,""pgSize"":100,""showHomeItems"":0}",https://img.bricklink.com/ItemImage/PN/42/3626pb1742.png,Lego,3287,47,Medium Blue,1
470339335,"Sand Blue Hips and Legs with Black Belt, Pockets, Torn Knees and Shoe Tips Pattern",PART 970c00pb0718,In Stock,Used,1.03 AUD,"https://store.bricklink.com/luke.donohoe#/shop?o={""q"":""470339335"",""sort"":0,""pgSize"":100,""showHomeItems"":0}",https://img.bricklink.com/ItemImage/PN/55/970c00pb0718.png,Lego,3287,47,Sand Blue,2
470336168,Tan Arch 1 x 6,PART 3455,In Stock,Used,1.07 AUD,"https://store.bricklink.com/luke.donohoe#/shop?o={""q"":""470336168"",""sort"":0,""pgSize"":100,""showHomeItems"":0}",https://img.bricklink.com/ItemImage/PN/2/3455.png,Lego,3287,47,Tan,6
470336348,"Pearl Gold Plate, Round 2 x 2 with Axle Hole",PART 4032,In Stock,Used,1.19 AUD,"https://store.bricklink.com/luke.donohoe#/shop?o={""q"":""470336348"",""sort"":0,""pgSize"":100,""showHomeItems"":0}",https://img.bricklink.com/ItemImage/PN/115/4032.png,Lego,3287,47,Pearl Gold,1
470336973,"Yellow Minifigure, Head Beard Vertical Lines with Messy Hair, Moustache Black Pattern",PART 3626px75,In Stock,Used,1.73 AUD,"https://store.bricklink.com/luke.donohoe#/shop?o={""q"":""470336973"",""sort"":0,""pgSize"":100,""showHomeItems"":0}",https://img.bricklink.com/ItemImage/PN/3/3626px75.png,Lego,3287,47,Yellow,1
470337048,"Light Bluish Gray Technic, Pin Connector Plate with Hole on Bottom",PART 32529,In Stock,Used,2.61 AUD,"https://store.bricklink.com/luke.donohoe#/shop?o={""q"":""470337048"",""sort"":0,""pgSize"":100,""showHomeItems"":0}",https://img.bricklink.com/ItemImage/PN/86/32529.png,Lego,3287,47,Light Bluish Gray,1
470339352,"Red Torso Nexo Knights Female Armor, Orange and Gold Circuitry, Dragon Head on Orange Hexagonal Shield Pattern / Dark Red Arms / Pearl Gold Hands",PART 973pb2977c01,In Stock,Used,1.05 AUD,"https://store.bricklink.com/luke.donohoe#/shop?o={""q"":""470339352"",""sort"":0,""pgSize"":100,""showHomeItems"":0}",https://img.bricklink.com/ItemImage/PN/5/973pb2977c01.png,Lego,3287,47,Red,1
470339361,Black Hips and Legs with Square Graph Pattern,PART 970c00pb0790,In Stock,Used,2.59 AUD,"https://store.bricklink.com/luke.donohoe#/shop?o={""q"":""470339361"",""sort"":0,""pgSize"":100,""showHomeItems"":0}",https://img.bricklink.com/ItemImage/PN/11/970c00pb0790.png,Lego,3287,47,Black,1
470335693,"Orange Tile, Modified 1 x 1 with Clip",PART 2555,In Stock,Used,2.44 AUD,"https://store.bricklink.com/luke.donohoe#/shop?o={""q"":""470335693"",""sort"":0,""pgSize"":100,""showHomeItems"":0}",https://img.bricklink.com/ItemImage/PN/4/2555.png,Lego,3287,47,Orange,1
470336355,"Dark Blue Brick, Modified 1 x 1 with Headlight",PART 4070,In Stock,Used,3.31 AUD,"https://store.bricklink.com/luke.donohoe#/shop?o={""q"":""470336355"",""sort"":0,""pgSize"":100,""showHomeItems"":0}",https://img.bricklink.com/ItemImage/PN/63/4070.png,Lego,3287,47,Dark Blue,1
470336878,"Black Boat, Anchor - Single Top Hole",PART 2564,In Stock,Used,3.77 AUD,"https://store.bricklink.com/luke.donohoe#/shop?o={""q"":""470336878"",""sort"":0,""pgSize"":100,""showHomeItems"":0}",https://img.bricklink.com/ItemImage/PN/11/2564.png,Lego,3287,47,Black,1
470337230,"Green Slope 65 2 x 2 x 2 without Bottom Tube with Minifigure Dress / Skirt / Robe, HP McGonagall Pattern",PART 3678apb04,In Stock,Used,3.40 AUD,"https://store.bricklink.com/luke.donohoe#/shop?o={""q"":""470337230"",""sort"":0,""pgSize"":100,""showHomeItems"":0}",https://img.bricklink.com/ItemImage/PN/6/3678apb04.png,Lego,3287,47,Green,1
470337238,Reddish Brown Dish 3 x 3 Inverted (Radar),PART 43898,In Stock,Used,3.21 AUD,"https://store.bricklink.com/luke.donohoe#/shop?o={""q"":""470337238"",""sort"":0,""pgSize"":100,""showHomeItems"":0}",https://img.bricklink.com/ItemImage/PN/88/43898.png,Lego,3287,47,Reddish Brown,1
470337511,"Light Brown Bionicle Head, Toa Hordika Onewa",PART 50929,In Stock,Used,1.26 AUD,"https://store.bricklink.com/luke.donohoe#/shop?o={""q"":""470337511"",""sort"":0,""pgSize"":100,""showHomeItems"":0}",https://img.bricklink.com/ItemImage/PN/91/50929.png,Lego,3287,47,Light Brown,1
470338017,"Light Nougat Minifigure, Head Reddish Brown Eyebrows, Upper Eyelids, Dimples and Chin Dimple, Lopsided Open Mouth Smile with Teeth Pattern",PART 3626pb0288,In Stock,Used,1.86 AUD,"https://store.bricklink.com/luke.donohoe#/shop?o={""q"":""470338017"",""sort"":0,""pgSize"":100,""showHomeItems"":0}",https://img.bricklink.com/ItemImage/PN/90/3626pb0288.png,Lego,3287,47,Light Nougat,1
470338178,"Trans-Yellow Head Rock Monster, Jaw Upper (Type II) with Eyes Pattern",PART 87780pb01,In Stock,Used,2.07 AUD,"https://store.bricklink.com/luke.donohoe#/shop?o={""q"":""470338178"",""sort"":0,""pgSize"":100,""showHomeItems"":0}",https://img.bricklink.com/ItemImage/PN/19/87780pb01.png,Lego,3287,47,Trans-Yellow,1
470338207,White Cylinder Half 3 x 6 x 6 with 1 x 2 Cutout,PART 87926,In Stock,Used,1.14 AUD,"https://store.bricklink.com/luke.donohoe#/shop?o={""q"":""470338207"",""sort"":0,""pgSize"":100,""showHomeItems"":0}",https://img.bricklink.com/ItemImage/PN/1/87926.png,Lego,3287,47,White,1
470338484,"White Minifigure, Head, Modified Skull, Jaw Upper with Red Eyes and Forehead Nails Pattern",PART 93068pb01,In Stock,Used,29.05 AUD,"https://store.bricklink.com/luke.donohoe#/shop?o={""q"":""470338484"",""sort"":0,""pgSize"":100,""showHomeItems"":0}",https://img.bricklink.com/ItemImage/PN/1/93068pb01.png,Lego,3287,47,White,1
470338589,"Blue Minifigure, Headgear Mask Batman Cowl (Angular Ears, Pronounced Brow)",PART 10113,In Stock,Used,1.61 AUD,"https://store.bricklink.com/luke.donohoe#/shop?o={""q"":""470338589"",""sort"":0,""pgSize"":100,""showHomeItems"":0}",https://img.bricklink.com/ItemImage/PN/7/10113.png,Lego,3287,47,Blue,1
470338592,Dark Red Hips and Legs with Iron Man Gold Knee Plates Pattern 2,PART 970c00pb0155,In Stock,Used,2.73 AUD,"https://store.bricklink.com/luke.donohoe#/shop?o={""q"":""470338592"",""sort"":0,""pgSize"":100,""showHomeItems"":0}",https://img.bricklink.com/ItemImage/PN/59/970c00pb0155.png,Lego,3287,47,Dark Red,1
470338924,Dark Bluish Gray Torso SW Black Armor Plates with Silver and Red Stripes Pattern (Inquisitor) / Dark Bluish Gray Arms / Black Hands,PART 973pb1882c01,In Stock,Used,8.59 AUD,"https://store.bricklink.com/luke.donohoe#/shop?o={""q"":""470338924"",""sort"":0,""pgSize"":100,""showHomeItems"":0}",https://img.bricklink.com/ItemImage/PN/85/973pb1882c01.png,Lego,3287,47,Dark Bluish Gray,1
470339050,Dark Tan Dinosaur Leg Small (Front) Raptor Left with Black Claws Pattern,PART 98068pb02,In Stock,Used,2.19 AUD,"https://store.bricklink.com/luke.donohoe#/shop?o={""q"":""470339050"",""sort"":0,""pgSize"":100,""showHomeItems"":0}",https://img.bricklink.com/ItemImage/PN/69/98068pb02.png,Lego,3287,47,Dark Tan,1
470339232,Black Cylinder Half 2 x 4 x 2 with 1 x 2 Cutout,PART 24593,In Stock,Used,1.13 AUD,"https://store.bricklink.com/luke.donohoe#/shop?o={""q"":""470339232"",""sort"":0,""pgSize"":100,""showHomeItems"":0}",https://img.bricklink.com/ItemImage/PN/11/24593.png,Lego,3287,47,Black,1
470339315,Black Hips and Legs with Gold Badge on Hip Chain Pattern,PART 970c00pb0654,In Stock,Used,3.00 AUD,"https://store.bricklink.com/luke.donohoe#/shop?o={""q"":""470339315"",""sort"":0,""pgSize"":100,""showHomeItems"":0}",https://img.bricklink.com/ItemImage/PN/11/970c00pb0654.png,Lego,3287,47,Black,1
470339322,"Red Torso Spider-Man Costume 9 Dark Blue, Small Spider with Wide Abdomen Pattern / Dark Blue Arms with Black and Red Webbing, Chevron Pattern / Red Hands",PART 973pb2769c01,In Stock,Used,1.93 AUD,"https://store.bricklink.com/luke.donohoe#/shop?o={""q"":""470339322"",""sort"":0,""pgSize"":100,""showHomeItems"":0}",https://img.bricklink.com/ItemImage/PN/5/973pb2769c01.png,Lego,3287,47,Red,1
470339324,"(Not Applicable) Cole - The LEGO Ninjago Movie, Arms with Cuffs",MINIFIG njo0322,In Stock,Used,5.17 AUD,"https://store.bricklink.com/luke.donohoe#/shop?o={""q"":""470339324"",""sort"":0,""pgSize"":100,""showHomeItems"":0}",https://img.bricklink.com/ItemImage/PN/0/njo0322.png,Lego,3287,47,(Not Applicable),1
